"customerid","firstname","lastname","dateofbirth","gender","email","phone","address","city","joindate"
1,"Heba","Fathy","1989-09-16","Male","heba.fathy1@gmail.com","01042940196","76724 John Points Suite 969","Assiut","2023-03-04"
2,"Sara","Fathy","1970-05-17","Female","sara.fathy2@gmail.com","01140608835","3287 Katelyn Wall Apt. 226","Luxor","2015-10-14"
3,"Sara","Ezzat","1988-02-29","Male","sara.ezzat3@gmail.com","01284656482","6978 Maddox Wall","Mansoura","2019-09-19"
4,"Nourhan","Sherif","1975-08-12","Female","nourhan.sherif4@gmail.com","01580443699","184 Rodriguez Mews","Zagazig","2018-08-12"
5,"Salma","Kamal","1999-09-01","Male","salma.kamal5@gmail.com","01521489513","0482 Monica Hills","Zagazig","2018-06-25"
6,"Amr","Farouk","1977-11-12","Male","amr.farouk6@gmail.com","01003791769","52880 Burns Creek","Mansoura","2023-01-21"
7,"Nourhan","Kamal","1995-11-08","Male","nourhan.kamal7@gmail.com","01101632870","3039 Christopher Oval Apt. 822","Port Said","2017-10-17"
8,"Youssef","Kamal","1971-12-18","Female","youssef.kamal8@gmail.com","01279868727","248 Brandt Plains Apt. 465","Aswan","2017-11-27"
9,"Amr","Ashraf","1984-11-16","Female","amr.ashraf9@gmail.com","01147143455","713 Caleb Brooks Apt. 930","Port Said","2015-11-27"
10,"Omar","Mostafa","1980-09-29","Female","omar.mostafa10@gmail.com","01131665876","031 Michele Cliffs","Cairo","2017-04-27"
11,"Aya","Fathy","1961-10-02","Female","aya.fathy11@gmail.com","01505466889","7382 Sanchez Mountains","Mansoura","2020-06-22"
12,"Amr","Mahmoud","1999-02-06","Female","amr.mahmoud12@gmail.com","01065627298","11656 Owens Stream Apt. 106","Cairo","2025-03-03"
13,"Nourhan","Ezzat","1962-06-07","Male","nourhan.ezzat13@gmail.com","01527204653","33387 Robert Harbors Suite 317","Aswan","2018-08-31"
14,"Sara","Farouk","1994-01-05","Female","sara.farouk14@gmail.com","01541708053","80132 Tucker Forest","Zagazig","2015-10-09"
15,"Mohamed","Farouk","1962-10-13","Male","mohamed.farouk15@gmail.com","01109232719","26064 Mitchell Square Suite 234","Mansoura","2020-03-19"
16,"Karim","Farouk","1993-02-03","Male","karim.farouk16@gmail.com","01024190496","98050 Breanna Parkway","Luxor","2025-07-23"
17,"Khaled","Ibrahim","1981-10-14","Male","khaled.ibrahim17@gmail.com","01291905865","81219 Emma Freeway","Alexandria","2020-09-03"
18,"Sara","Hassan","1997-09-07","Female","sara.hassan18@gmail.com","01065726284","93990 Robert Prairie Suite 435","Ismailia","2024-01-24"
19,"Dina","Farouk","2003-05-18","Female","dina.farouk19@gmail.com","01594531473","6247 Hickman Cliffs","Aswan","2021-05-23"
20,"Fatma","Sherif","1993-12-31","Female","fatma.sherif20@gmail.com","01075273545","9911 William Curve","Tanta","2024-11-14"
21,"Fatma","Nabil","1984-10-13","Male","fatma.nabil21@gmail.com","01113678377","35427 Carr Valley Apt. 841","Aswan","2023-11-22"
22,"Ahmed","Ibrahim","1986-05-25","Male","ahmed.ibrahim22@gmail.com","01534957885","1182 Campbell Fords","Luxor","2023-05-14"
23,"Dina","Sayed","1991-07-25","Female","dina.sayed23@gmail.com","01244313518","48740 Cynthia Village Suite 005","Damietta","2017-01-28"
24,"Khaled","Ali","2003-06-10","Female","khaled.ali24@gmail.com","01213435240","427 Hoffman Creek","Damietta","2020-12-27"
25,"Omar","Mahmoud","1964-01-31","Male","omar.mahmoud25@gmail.com","01227109477","280 Aguilar Drive","Aswan","2018-10-27"
26,"Ali","Hassan","1982-08-26","Female","ali.hassan26@gmail.com","01016719022","04505 Evelyn Shores Apt. 586","Ismailia","2025-08-23"
27,"Hassan","Ibrahim","1982-04-07","Male","hassan.ibrahim27@gmail.com","01599938677","22602 Patton Loop","Tanta","2024-08-24"
28,"Rania","Fathy","1987-05-25","Male","rania.fathy28@gmail.com","01033412328","2160 Walker Viaduct","Alexandria","2016-10-03"
29,"Ahmed","Fathy","2000-06-01","Female","ahmed.fathy29@gmail.com","01203447134","4330 Raymond Harbors Apt. 458","Zagazig","2021-08-12"
30,"Khaled","Fathy","1970-04-18","Male","khaled.fathy30@gmail.com","01142102499","850 Natalie Green Apt. 940","Tanta","2019-12-04"
31,"Youssef","Kamal","1987-04-13","Female","youssef.kamal31@gmail.com","01288771906","655 Obrien Pass","Damietta","2018-08-13"
32,"Fatma","Mahmoud","1962-04-27","Male","fatma.mahmoud32@gmail.com","01199049027","9340 Smith Valley","Port Said","2022-04-22"
33,"Salma","Gaber","1984-12-14","Male","salma.gaber33@gmail.com","01571756551","6159 Alvarado Crossing","Giza","2018-09-12"
34,"Aya","Nabil","2004-06-13","Female","aya.nabil34@gmail.com","01580715451","465 Terry Plaza Apt. 366","Luxor","2024-09-12"
35,"Heba","Ashraf","1960-02-07","Female","heba.ashraf35@gmail.com","01503859770","946 Kevin Fords","Mansoura","2017-12-29"
36,"Dina","Mostafa","1985-11-03","Female","dina.mostafa36@gmail.com","01510932480","957 Ramos Forest Suite 214","Port Said","2019-07-30"
37,"Mahmoud","Ali","1970-03-06","Female","mahmoud.ali37@gmail.com","01027484677","34332 Brandon Mountains Apt. 769","Mansoura","2020-02-14"
38,"Dina","Mostafa","1994-05-31","Male","dina.mostafa38@gmail.com","01114658404","676 Dylan Spurs","Damietta","2018-05-07"
39,"Rania","Ezzat","2003-12-05","Male","rania.ezzat39@gmail.com","01587558867","63287 Angela Vista","Assiut","2024-10-01"
40,"Khaled","Nabil","1981-06-04","Female","khaled.nabil40@gmail.com","01160576627","2788 Dodson Mills","Cairo","2016-06-01"
41,"Heba","Ezzat","1989-10-13","Male","heba.ezzat41@gmail.com","01518702621","727 Green Gateway Suite 873","Aswan","2023-10-07"
42,"Karim","Sayed","1995-08-29","Male","karim.sayed42@gmail.com","01286578091","1434 Flores Plains Apt. 223","Mansoura","2022-01-29"
43,"Hassan","Ali","1968-02-09","Female","hassan.ali43@gmail.com","01017240050","231 Russell Plains Suite 603","Tanta","2019-01-08"
44,"Mona","Fathy","1973-01-22","Male","mona.fathy44@gmail.com","01592221969","9096 Smith Knoll Suite 668","Zagazig","2017-09-13"
45,"Yasmin","Gaber","1972-11-02","Male","yasmin.gaber45@gmail.com","01547407482","3467 Paul Skyway","Alexandria","2019-12-15"
46,"Mona","Ezzat","1986-11-02","Female","mona.ezzat46@gmail.com","01274367136","272 Rebecca Ramp Apt. 162","Ismailia","2019-01-10"
47,"Rania","Mahmoud","1986-06-27","Male","rania.mahmoud47@gmail.com","01540909743","04653 Murphy Trace Suite 464","Ismailia","2023-12-29"
48,"Mona","Ali","1977-01-21","Female","mona.ali48@gmail.com","01110470952","0805 Debra Tunnel","Alexandria","2025-03-14"
49,"Hassan","Sayed","1997-04-11","Male","hassan.sayed49@gmail.com","01128588424","33092 David Skyway","Aswan","2025-11-06"
50,"Hassan","Nabil","1990-05-22","Male","hassan.nabil50@gmail.com","01512368516","374 Jackson Rest","Cairo","2017-12-19"
51,"Dina","Ibrahim","2000-10-19","Female","dina.ibrahim51@gmail.com","01296513709","41904 Sanders Stravenue","Port Said","2018-09-05"
52,"Fatma","Ali","1965-09-02","Female","fatma.ali52@gmail.com","01261200471","93149 Laura Port","Alexandria","2017-08-19"
53,"Dina","Mostafa","1994-11-13","Female","dina.mostafa53@gmail.com","01286926179","8651 Smith Manor","Luxor","2025-07-13"
54,"Karim","Hassan","1993-03-29","Male","karim.hassan54@gmail.com","01573515850","65726 Jessica Run Suite 987","Luxor","2018-02-04"
55,"Khaled","Ibrahim","2000-10-17","Male","khaled.ibrahim55@gmail.com","01190053293","9453 Joshua Mission Apt. 799","Alexandria","2024-04-21"
56,"Dina","Ali","1979-05-17","Male","dina.ali56@gmail.com","01229042284","0752 Lewis Union Suite 549","Giza","2016-03-26"
57,"Ahmed","Mostafa","1961-05-01","Female","ahmed.mostafa57@gmail.com","01195024026","083 John Lodge Suite 837","Port Said","2016-04-10"
58,"Mahmoud","Kamal","2000-03-20","Female","mahmoud.kamal58@gmail.com","01078390847","0143 Holt Inlet Suite 788","Zagazig","2025-10-23"
59,"Ahmed","Hassan","2002-12-21","Female","ahmed.hassan59@gmail.com","01517711592","8557 Parker Fort Apt. 351","Alexandria","2016-05-31"
60,"Karim","Ezzat","1989-03-04","Female","karim.ezzat60@gmail.com","01278961183","37498 Hooper Village","Luxor","2020-01-24"
